floortype,producttype,productvariant,pdf
Raised floor,LIGNA,LIGNA Wood-based panels for raised floor,
Raised floor,LIGNA,Ligna B 28 Wood-based panels for raised floor,lca-nb-b-067-Ligna_B_28mm.pdf
Raised floor,LIGNA,Ligna B 28 ST Wood-based panels for raised floor,lca-nb-b-068-Ligna_B_28mm_ST.pdf
Raised floor,LIGNA,Ligna B 28 ST ST Wood-based panels for raised floor,lca-nb-b-069-Ligna_B_28mm_ST_ST.pdf
Raised floor,LIGNA,Ligna B 30 Wood-based panels for raised floor,lca-nb-b-070-Ligna_B_30mm.pdf
Raised floor,LIGNA,Ligna B 30 ST Wood-based panels for raised floor,lca-nb-b-071-Ligna_B_30mm_ST.pdf
Raised floor,LIGNA,Ligna B 30 ST ST Wood-based panels for raised floor,lca-nb-b-072-Ligna_B_30mm_ST_ST.pdf
Raised floor,LIGNA,Ligna K1 38 Wood-based panels for raised floor,lca-nb-b-073-Ligna_K1_38mm.pdf
Raised floor,LIGNA,Ligna K1 38 ST Wood-based panels for raised floor,lca-nb-b-074-Ligna_K1_38mm_ST.pdf
Raised floor,LIGNA,Ligna K1 38 ST ST Wood-based panels for raised floor,lca-nb-b-075-Ligna_K1_38mm_ST_ST.pdf
Raised floor,LIGNA,Ligna L 38 Wood-based panels for raised floor,lca-nb-b-076-Ligna_L_38mm.pdf
Raised floor,LIGNA,Ligna L 38 ST Wood-based panels for raised floor,lca-nb-b-077-Ligna_L_38mm_ST.pdf
Raised floor,LIGNA,Ligna L 38 ST ST Wood-based panels for raised floor,lca-nb-b-078-Ligna_L_38mm_ST_ST.pdf
Raised floor,LIGNA,Ligna S 38 Wood-based panels for raised floor,lca-nb-b-079-Ligna_S_38mm.pdf
Raised floor,LIGNA,Ligna S 38 ST Wood-based panels for raised floor,lca-nb-b-080-Ligna_S_38mm_ST.pdf
Raised floor,LIGNA,Ligna S 38 ST ST Wood-based panels for raised floor,lca-nb-b-081-Ligna_S_38mm_ST_ST.pdf
Raised floor,LIGNA,Ligna M 38 Wood-based panels for raised floor,lca-nb-b-082-Ligna_M_38mm.pdf
Raised floor,LIGNA,Ligna M 38 ST Wood-based panels for raised floor,lca-nb-b-083-Ligna_M_38mm_ST.pdf
Raised floor,LIGNA,Ligna M 38 ST ST Wood-based panels for raised floor,lca-nb-b-084-Ligna_M_38mm_ST_ST.pdf
Raised floor,LIGNA,Provisorium 38 Wood-based panels for raised floor,lca-nb-b-085-Ligna_Provisorium_38mm.pdf
Hollow floor,FLOOR and more® ,FLOOR and more® hollow floor,
Hollow floor,FLOOR and more® ,FLOOR and more® G30,lca-nb-b-062-Floor-and-more_G_30mm.pdf
Hollow floor,FLOOR and more® ,FLOOR and more® G30 Vario,lca-nb-b-063-Floor-and-more_G_30mm_Vario.pdf
Hollow floor,FLOOR and more® ,FLOOR and more® G34,lca-nb-b-064-Floor-and-more_G_34mm.pdf
Hollow floor,FLOOR and more® ,FLOOR and more® G34 Vario,lca-nb-b-065-Floor-and-more_G_34mm_Vario.pdf
Hollow floor,FLOOR and more® ,FLOOR and more® Sofo. o.OBlg.,lca-nb-b-143-Floor-and-more_ Sofo. o.OBlg..pdf
Hollow floor,FLOOR and more® ,FLOOR and more® G40,lca-nb-b-066-Floor-and-more_G_40mm.pdf
Hollow floor,FLOOR and more® ,FLOOR and more® G40 Vario,lca-nb-b-141-Floor-and-more_G_40mm_Vario.pdf
Hollow floor,FLOOR and more® ,FLOOR and more® G40 (FST AT),lca-nb-b-142-Floor-and-more_G_40mm_ (FST AT).pdf
Raised floor,LOOP,Refurbished Raised floor panel Lindner LOOP prime and LOOP aurum,
Raised floor,LOOP,LOOP prime R32,lca-nb-b-086-Loop_prime_R_32mm.pdf
Raised floor,LOOP,LOOP aurum R32,lca-nb-b-087-Loop_aurum_R_32mm.pdf
Raised floor,LOOP,LOOP prime R33,lca-nb-b-088-Loop_prime_R_33mm.pdf
Raised floor,LOOP,LOOP aurum R33,lca-nb-b-089-Loop_aurum_R_33mm.pdf
Raised floor,LOOP,LOOP prime R34,lca-nb-b-090-Loop_prime_R_34mm.pdf
Raised floor,LOOP,LOOP aurum R34,lca-nb-b-091-Loop_aurum_R_34mm.pdf
Raised floor,LOOP,LOOP prime R35,lca-nb-b-092-Loop_prime_R_35mm.pdf
Raised floor,LOOP,LOOP aurum R35,lca-nb-b-093-Loop_aurum_R_35mm.pdf
Raised floor,LOOP,LOOP prime R36,lca-nb-b-094-Loop_prime_R_36mm.pdf
Raised floor,LOOP,LOOP aurum R36,lca-nb-b-095-Loop_aurum_R_36mm.pdf
Raised floor,LOOP,LOOP prime R37,lca-nb-b-096-Loop_prime_R_37mm.pdf
Raised floor,LOOP,LOOP aurum R37,lca-nb-b-097-Loop_aurum_R_37mm.pdf
Raised floor,LOOP,LOOP prime R38,lca-nb-b-098-Loop_prime_R_38mm.pdf
Raised floor,LOOP,LOOP aurum R38,lca-nb-b-099-Loop_aurum_R_38mm.pdf
Raised floor,LOOP,LOOP prime R39,lca-nb-b-100-Loop_prime_R_39mm.pdf
Raised floor,LOOP,LOOP aurum R39,lca-nb-b-101-Loop_aurum_R_39mm.pdf
